ref_temp,measured_voltage,temp,,Matthew,,Residuals,percent,max,min
25,-0.3,17.575,,17.59241203,,-0.017412035,-0.099072744,0.092966278,-0.158234972
25,-0.299,17.6,,17.61735097,,-0.01735097,-0.098585056,,
25,-0.298,17.625,,17.64228857,,-0.017288565,-0.098091151,,
25,-0.297,17.65,,17.66722482,,-0.017224821,-0.097591054,,
25,-0.296,17.675,,17.69215974,,-0.017159738,-0.097084795,,
25,-0.295,17.7,,17.71709331,,-0.017093315,-0.0965724,,
25,-0.294,17.725,,17.74202555,,-0.017025553,-0.096053897,,
25,-0.293,17.75,,17.76695645,,-0.016956453,-0.095529314,,
25,-0.292,17.775,,17.79188601,,-0.016886015,-0.094998676,,
25,-0.291,17.8,,17.81681424,,-0.016814238,-0.094462011,,
25,-0.29,17.825,,17.84174112,,-0.016741123,-0.093919346,,
25,-0.289,17.85,,17.86666667,,-0.016666671,-0.093370707,,
25,-0.288,17.875,,17.89159088,,-0.016590882,-0.092816121,,
25,-0.287,17.9,,17.91651375,,-0.016513755,-0.092255613,,
25,-0.286,17.925,,17.94143529,,-0.016435291,-0.091689211,,
25,-0.285,17.95,,17.96635549,,-0.016355491,-0.09111694,,
25,-0.284,17.975,,17.99127435,,-0.016274354,-0.090538826,,
25,-0.283,18,,18.01619188,,-0.016191881,-0.089954895,,
25,-0.282,18.025,,18.04110807,,-0.016108072,-0.089365171,,
25,-0.281,18.05,,18.06602293,,-0.016022928,-0.088769681,,
25,-0.28,18.075,,18.09093645,,-0.015936447,-0.088168451,,
25,-0.279,18.1,,18.11584863,,-0.015848632,-0.087561504,,
25,-0.278,18.125,,18.14075948,,-0.015759482,-0.086948866,,
25,-0.277,18.15,,18.165669,,-0.015668997,-0.086330562,,
25,-0.276,18.175,,18.19057718,,-0.015577177,-0.085706616,,
25,-0.275,18.2,,18.21548402,,-0.015484024,-0.085077054,,
25,-0.274,18.225,,18.24038954,,-0.015389536,-0.084441899,,
25,-0.273,18.25,,18.26529371,,-0.015293715,-0.083801176,,
25,-0.272,18.275,,18.29019656,,-0.01519656,-0.083154909,,
25,-0.271,18.3,,18.31509807,,-0.015098071,-0.082503122,,
25,-0.27,18.325,,18.33999825,,-0.01499825,-0.08184584,,
25,-0.269,18.35,,18.3648971,,-0.014897096,-0.081183085,,
25,-0.268,18.375,,18.38979461,,-0.014794609,-0.080514882,,
25,-0.267,18.4,,18.41469079,,-0.014690791,-0.079841253,,
25,-0.266,18.425,,18.43958564,,-0.01458564,-0.079162223,,
25,-0.265,18.45,,18.46447916,,-0.014479157,-0.078477815,,
25,-0.264,18.475,,18.48937134,,-0.014371343,-0.077788052,,
25,-0.263,18.5,,18.5142622,,-0.014262197,-0.077092956,,
25,-0.262,18.525,,18.53915172,,-0.01415172,-0.076392551,,
25,-0.261,18.55,,18.56403991,,-0.014039913,-0.07568686,,
25,-0.26,18.575,,18.58892677,,-0.013926774,-0.074975905,,
25,-0.259,18.6,,18.61381231,,-0.013812306,-0.074259708,,
25,-0.258,18.625,,18.63869651,,-0.013696507,-0.073538293,,
25,-0.257,18.65,,18.66357938,,-0.013579379,-0.072811681,,
25,-0.256,18.675,,18.68846092,,-0.01346092,-0.072079895,,
25,-0.255,18.7,,18.71334113,,-0.013341133,-0.071342956,,
25,-0.254,18.725,,18.73822002,,-0.013220016,-0.070600887,,
25,-0.253,18.75,,18.76309757,,-0.01309757,-0.069853709,,
25,-0.252,18.775,,18.7879738,,-0.012973796,-0.069101444,,
25,-0.251,18.8,,18.81284869,,-0.012848693,-0.068344113,,
25,-0.25,18.825,,18.83772226,,-0.012722262,-0.067581739,,
25,-0.249,18.85,,18.8625945,,-0.012594504,-0.066814342,,
25,-0.248,18.875,,18.88746542,,-0.012465417,-0.066041944,,
25,-0.247,18.9,,18.912335,,-0.012335003,-0.065264566,,
25,-0.246,18.925,,18.93720326,,-0.012203262,-0.064482228,,
25,-0.245,18.95,,18.96207019,,-0.012070193,-0.063694952,,
25,-0.244,18.975,,18.9869358,,-0.011935799,-0.062902759,,
25,-0.243,19,,19.01180008,,-0.011800077,-0.062105669,,
25,-0.242,19.025,,19.03666303,,-0.011663029,-0.061303702,,
25,-0.241,19.05,,19.06152466,,-0.011524656,-0.06049688,,
25,-0.24,19.075,,19.08638496,,-0.011384956,-0.059685222,,
25,-0.239,19.1,,19.11124393,,-0.011243931,-0.05886875,,
25,-0.238,19.125,,19.13610158,,-0.011101581,-0.058047482,,
25,-0.237,19.15,,19.16095791,,-0.010957906,-0.057221439,,
25,-0.236,19.175,,19.18581291,,-0.010812905,-0.056390641,,
25,-0.235,19.2,,19.21066658,,-0.010666581,-0.055555108,,
25,-0.234,19.225,,19.23551893,,-0.010518932,-0.054714859,,
25,-0.233,19.25,,19.26036996,,-0.010369959,-0.053869915,,
25,-0.232,19.275,,19.28521966,,-0.010219662,-0.053020294,,
25,-0.231,19.3,,19.31006804,,-0.010068041,-0.052166016,,
25,-0.23,19.325,,19.3349151,,-0.009915097,-0.051307101,,
25,-0.229,19.35,,19.35976083,,-0.00976083,-0.050443567,,
25,-0.228,19.375,,19.38460524,,-0.00960524,-0.049575434,,
25,-0.227,19.4,,19.40944833,,-0.009448328,-0.04870272,,
25,-0.226,19.425,,19.43429009,,-0.009290093,-0.047825446,,
25,-0.225,19.45,,19.45913054,,-0.009130536,-0.046943628,,
25,-0.224,19.475,,19.48396966,,-0.008969657,-0.046057287,,
25,-0.223,19.5,,19.50880746,,-0.008807456,-0.045166441,,
25,-0.222,19.525,,19.53364393,,-0.008643934,-0.044271109,,
25,-0.221,19.55,,19.55847909,,-0.008479091,-0.043371308,,
25,-0.22,19.575,,19.58331293,,-0.008312926,-0.042467057,,
25,-0.219,19.6,,19.60814544,,-0.008145441,-0.041558375,,
25,-0.218,19.625,,19.63297664,,-0.007976636,-0.040645279,,
25,-0.217,19.65,,19.65780651,,-0.00780651,-0.039727788,,
25,-0.216,19.675,,19.68263506,,-0.007635065,-0.038805919,,
25,-0.215,19.7,,19.7074623,,-0.007462299,-0.037879691,,
25,-0.214,19.725,,19.73228821,,-0.007288214,-0.036949122,,
25,-0.213,19.75,,19.75711281,,-0.00711281,-0.036014228,,
25,-0.212,19.775,,19.78193609,,-0.006936087,-0.035075028,,
25,-0.211,19.8,,19.80675804,,-0.006758045,-0.034131539,,
25,-0.21,19.825,,19.83157868,,-0.006578684,-0.033183779,,
25,-0.209,19.85,,19.85639801,,-0.006398005,-0.032231765,,
25,-0.208,19.875,,19.88121601,,-0.006216008,-0.031275514,,
25,-0.207,19.9,,19.90603269,,-0.006032694,-0.030315043,,
25,-0.206,19.925,,19.93084806,,-0.005848061,-0.02935037,,
25,-0.205,19.95,,19.95566211,,-0.005662111,-0.028381511,,
25,-0.204,19.975,,19.98047484,,-0.005474845,-0.027408484,,
25,-0.203,20,,20.00528626,,-0.005286261,-0.026431304,,
25,-0.202,20.025,,20.03009636,,-0.00509636,-0.02544999,,
25,-0.201,20.05,,20.05490514,,-0.004905144,-0.024464557,,
25,-0.2,20.075,,20.07971261,,-0.004712611,-0.023475023,,
25,-0.199,20.1,,20.10451876,,-0.004518762,-0.022481403,,
25,-0.198,20.125,,20.1293236,,-0.004323597,-0.021483714,,
25,-0.197,20.15,,20.15412712,,-0.004127117,-0.020481973,,
25,-0.196,20.175,,20.17892932,,-0.003929322,-0.019476195,,
25,-0.195,20.2,,20.20373021,,-0.003730212,-0.018466397,,
25,-0.194,20.225,,20.22852979,,-0.003529787,-0.017452595,,
25,-0.193,20.25,,20.25332805,,-0.003328048,-0.016434805,,
25,-0.192,20.275,,20.27812499,,-0.003124995,-0.015413043,,
25,-0.191,20.3,,20.30292063,,-0.002920627,-0.014387325,,
25,-0.19,20.325,,20.32771495,,-0.002714946,-0.013357666,,
25,-0.189,20.35,,20.35250795,,-0.002507951,-0.012324083,,
25,-0.188,20.375,,20.37729964,,-0.002299643,-0.01128659,,
25,-0.187,20.4,,20.40209002,,-0.002090021,-0.010245203,,
25,-0.186,20.425,,20.42687909,,-0.001879087,-0.009199939,,
25,-0.185,20.45,,20.45166684,,-0.001666841,-0.008150811,,
25,-0.184,20.475,,20.47645328,,-0.001453282,-0.007097836,,
25,-0.183,20.5,,20.50123841,,-0.001238411,-0.006041029,,
25,-0.182,20.525,,20.52602223,,-0.001022228,-0.004980405,,
25,-0.181,20.55,,20.55080473,,-0.000804734,-0.003915979,,
25,-0.18,20.575,,20.57558593,,-0.000585928,-0.002847766,,
25,-0.179,20.6,,20.60036581,,-0.000365811,-0.001775781,,
25,-0.178,20.625,,20.62514438,,-0.000144383,-0.000700039,,
25,-0.177,20.65,,20.64992164,,7.84E-05,0.000379446,,
25,-0.176,20.675,,20.6746976,,0.000302404,0.001462658,,
25,-0.175,20.7,,20.69947224,,0.000527764,0.002549583,,
25,-0.174,20.725,,20.72424557,,0.000754433,0.003640206,,
25,-0.173,20.75,,20.74901759,,0.000982412,0.004734513,,
25,-0.172,20.775,,20.7737883,,0.0012117,0.00583249,,
25,-0.171,20.8,,20.7985577,,0.001442297,0.006934122,,
25,-0.17,20.825,,20.8233258,,0.001674204,0.008039394,,
25,-0.169,20.85,,20.84809258,,0.001907419,0.009148293,,
25,-0.168,20.875,,20.87285806,,0.002141943,0.010260804,,
25,-0.167,20.9,,20.89762223,,0.002377775,0.011376914,,
25,-0.166,20.925,,20.92238508,,0.002614915,0.012496607,,
25,-0.165,20.95,,20.94714664,,0.002853363,0.013619871,,
25,-0.164,20.975,,20.97190688,,0.003093118,0.014746691,,
25,-0.163,21,,20.99666582,,0.003334181,0.015877054,,
25,-0.162,21,,21.02142345,,-0.021423449,-0.102016423,,
25,-0.161,21.02439024,,21.04617977,,-0.021789528,-0.103639287,,
25,-0.16,21.04878049,,21.07093479,,-0.022154301,-0.105252183,,
25,-0.159,21.07317073,,21.0956885,,-0.022517767,-0.106855145,,
25,-0.158,21.09756098,,21.1204409,,-0.022879927,-0.108448211,,
25,-0.157,21.12195122,,21.145192,,-0.023240782,-0.110031414,,
25,-0.156,21.14634146,,21.16994179,,-0.02360033,-0.111604792,,
25,-0.155,21.17073171,,21.19469028,,-0.023958574,-0.113168377,,
25,-0.154,21.19512195,,21.21943746,,-0.024315512,-0.114722206,,
25,-0.153,21.2195122,,21.24418334,,-0.024671145,-0.116266313,,
25,-0.152,21.24390244,,21.26892791,,-0.025025473,-0.117800733,,
25,-0.151,21.26829268,,21.29367118,,-0.025378497,-0.119325501,,
25,-0.15,21.29268293,,21.31841314,,-0.025730216,-0.120840649,,
25,-0.149,21.31707317,,21.3431538,,-0.026080632,-0.122346214,,
25,-0.148,21.34146341,,21.36789316,,-0.026429744,-0.123842228,,
25,-0.147,21.36585366,,21.39263121,,-0.026777552,-0.125328725,,
25,-0.146,21.3902439,,21.41736796,,-0.027124057,-0.12680574,,
25,-0.145,21.41463415,,21.44210341,,-0.027469259,-0.128273305,,
25,-0.144,21.43902439,,21.46683755,,-0.027813158,-0.129731454,,
25,-0.143,21.46341463,,21.49157039,,-0.028155755,-0.13118022,,
25,-0.142,21.48780488,,21.51630193,,-0.028497049,-0.132619636,,
25,-0.141,21.51219512,,21.54103216,,-0.028837041,-0.134049736,,
25,-0.14,21.53658537,,21.5657611,,-0.029175731,-0.135470551,,
25,-0.139,21.56097561,,21.59048873,,-0.029513119,-0.136882115,,
25,-0.138,21.58536585,,21.61521506,,-0.029849207,-0.13828446,,
25,-0.137,21.6097561,,21.63994009,,-0.030183993,-0.139677618,,
25,-0.136,21.63414634,,21.66466382,,-0.030517478,-0.141061622,,
25,-0.135,21.65853659,,21.68938625,,-0.030849662,-0.142436502,,
25,-0.134,21.68292683,,21.71410738,,-0.031180546,-0.143802293,,
25,-0.133,21.70731707,,21.7388272,,-0.03151013,-0.145159024,,
25,-0.132,21.73170732,,21.76354573,,-0.031838413,-0.146506728,,
25,-0.131,21.75609756,,21.78826296,,-0.032165397,-0.147845435,,
25,-0.13,21.7804878,,21.81297889,,-0.032491082,-0.149175179,,
25,-0.129,21.80487805,,21.83769352,,-0.032815467,-0.150495988,,
25,-0.128,21.82926829,,21.86240685,,-0.033138553,-0.151807896,,
25,-0.127,21.85365854,,21.88711888,,-0.03346034,-0.153110931,,
25,-0.126,21.87804878,,21.91182961,,-0.033780829,-0.154405126,,
25,-0.125,21.90243902,,21.93653904,,-0.034100019,-0.155690511,,
25,-0.124,21.92682927,,21.96124718,,-0.034417912,-0.156967116,,
25,-0.123,21.95121951,,21.98595402,,-0.034734506,-0.158234972,,
25,-0.122,22,,22.01065956,,-0.010659559,-0.048452541,,
25,-0.121,22.025,,22.0353638,,-0.010363802,-0.047054721,,
25,-0.12,22.05,,22.06006675,,-0.010066748,-0.045654188,,
25,-0.119,22.075,,22.0847684,,-0.009768398,-0.044250952,,
25,-0.118,22.1,,22.10946875,,-0.00946875,-0.042845024,,
25,-0.117,22.125,,22.13416781,,-0.009167806,-0.041436413,,
25,-0.116,22.15,,22.15886557,,-0.008865566,-0.040025131,,
25,-0.115,22.175,,22.18356203,,-0.00856203,-0.038611185,,
25,-0.114,22.2,,22.2082572,,-0.008257199,-0.037194588,,
25,-0.113,22.225,,22.23295107,,-0.007951071,-0.035775349,,
25,-0.112,22.25,,22.25764365,,-0.007643649,-0.034353477,,
25,-0.111,22.275,,22.28233493,,-0.007334931,-0.032928984,,
25,-0.11,22.3,,22.30702492,,-0.007024919,-0.031501878,,
25,-0.109,22.325,,22.33171361,,-0.006713612,-0.030072169,,
25,-0.108,22.35,,22.35640101,,-0.006401011,-0.028639868,,
25,-0.107,22.375,,22.38108712,,-0.006087115,-0.027204984,,
25,-0.106,22.4,,22.40577193,,-0.005771926,-0.025767526,,
25,-0.105,22.425,,22.43045544,,-0.005455443,-0.024327505,,
25,-0.104,22.45,,22.45513767,,-0.005137667,-0.02288493,,
25,-0.103,22.475,,22.4798186,,-0.004818597,-0.02143981,,
25,-0.102,22.5,,22.50449824,,-0.004498235,-0.019992156,,
25,-0.101,22.525,,22.52917658,,-0.00417658,-0.018541976,,
25,-0.1,22.55,,22.55385363,,-0.003853633,-0.01708928,,
25,-0.099,22.575,,22.57852939,,-0.003529393,-0.015634077,,
25,-0.098,22.6,,22.60320386,,-0.003203861,-0.014176378,,
25,-0.097,22.625,,22.62787704,,-0.002877038,-0.01271619,,
25,-0.096,22.65,,22.65254892,,-0.002548923,-0.011253524,,
25,-0.095,22.675,,22.67721952,,-0.002219517,-0.009788388,,
25,-0.094,22.7,,22.70188882,,-0.00188882,-0.008320792,,
25,-0.093,22.725,,22.72655683,,-0.001556832,-0.006850745,,
25,-0.092,22.75,,22.75122355,,-0.001223553,-0.005378255,,
25,-0.091,22.775,,22.77588898,,-0.000888984,-0.003903333,,
25,-0.09,22.8,,22.80055313,,-0.000553125,-0.002425988,,
25,-0.089,22.825,,22.82521598,,-0.000215976,-0.000946227,,
25,-0.088,22.85,,22.84987754,,0.000122462,0.00053594,,
25,-0.087,22.875,,22.87453781,,0.00046219,0.002020503,,
25,-0.086,22.9,,22.89919679,,0.000803207,0.003507455,,
25,-0.085,22.925,,22.92385449,,0.001145513,0.004996786,,
25,-0.084,22.95,,22.94851089,,0.001489108,0.006488488,,
25,-0.083,22.975,,22.97316601,,0.001833991,0.007982551,,
25,-0.082,23,,22.99781984,,0.002180163,0.009478968,,
25,-0.081,23,,23.02247238,,-0.022472378,-0.097705991,,
25,-0.08,23.02439024,,23.04712363,,-0.022733387,-0.098736108,,
25,-0.079,23.04878049,,23.0717736,,-0.022993108,-0.099758459,,
25,-0.078,23.07317073,,23.09642227,,-0.023251542,-0.10077307,,
25,-0.077,23.09756098,,23.12106967,,-0.023508689,-0.101779965,,
25,-0.076,23.12195122,,23.14571577,,-0.02376455,-0.102779171,,
25,-0.075,23.14634146,,23.17036059,,-0.024019123,-0.103770712,,
25,-0.074,23.17073171,,23.19500412,,-0.024272411,-0.104754614,,
25,-0.073,23.19512195,,23.21964636,,-0.024524412,-0.105730902,,
25,-0.072,23.2195122,,23.24428732,,-0.024775127,-0.106699602,,
25,-0.071,23.24390244,,23.268927,,-0.025024557,-0.107660737,,
25,-0.07,23.26829268,,23.29356538,,-0.025272701,-0.108614332,,
25,-0.069,23.29268293,,23.31820249,,-0.02551956,-0.109560413,,
25,-0.068,23.31707317,,23.3428383,,-0.025765134,-0.110499005,,
25,-0.067,23.34146341,,23.36747284,,-0.026009423,-0.11143013,,
25,-0.066,23.36585366,,23.39210609,,-0.026252428,-0.112353814,,
25,-0.065,23.3902439,,23.41673805,,-0.026494148,-0.113270082,,
25,-0.064,23.41463415,,23.44136873,,-0.026734585,-0.114178956,,
25,-0.063,23.43902439,,23.46599813,,-0.026973738,-0.115080462,,
25,-0.062,23.46341463,,23.49062624,,-0.027211607,-0.115974623,,
25,-0.061,23.48780488,,23.51525307,,-0.027448193,-0.116861464,,
25,-0.06,23.51219512,,23.53987862,,-0.027683495,-0.117741007,,
25,-0.059,23.53658537,,23.56450288,,-0.027917515,-0.118613277,,
25,-0.058,23.56097561,,23.58912586,,-0.028150252,-0.119478297,,
25,-0.057,23.58536585,,23.61374756,,-0.028381707,-0.120336091,,
25,-0.056,23.6097561,,23.63836798,,-0.02861188,-0.121186682,,
25,-0.055,23.63414634,,23.66298711,,-0.028840771,-0.122030093,,
25,-0.054,23.65853659,,23.68760497,,-0.02906838,-0.122866348,,
25,-0.053,23.68292683,,23.71222154,,-0.029294707,-0.123695469,,
25,-0.052,23.70731707,,23.73683683,,-0.029519754,-0.12451748,,
25,-0.051,23.73170732,,23.76145084,,-0.029743519,-0.125332404,,
25,-0.05,23.75609756,,23.78606356,,-0.029966004,-0.126140263,,
25,-0.049,23.7804878,,23.81067501,,-0.030187208,-0.126941079,,
25,-0.048,23.80487805,,23.83528518,,-0.030407132,-0.127734877,,
25,-0.047,23.82926829,,23.85989407,,-0.030625775,-0.128521678,,
25,-0.046,23.85365854,,23.88450168,,-0.030843139,-0.129301504,,
25,-0.045,23.87804878,,23.909108,,-0.031059224,-0.130074379,,
25,-0.044,23.90243902,,23.93371305,,-0.031274028,-0.130840323,,
25,-0.043,23.92682927,,23.95831682,,-0.031487554,-0.13159936,,
25,-0.042,23.95121951,,23.98291931,,-0.031699801,-0.132351512,,
25,-0.041,24,,24.00752053,,-0.007520525,-0.031335522,,
25,-0.04,24.025,,24.03212046,,-0.007120459,-0.029637706,,
25,-0.039,24.05,,24.05671911,,-0.006719114,-0.027938106,,
25,-0.038,24.075,,24.08131649,,-0.006316492,-0.026236726,,
25,-0.037,24.1,,24.10591259,,-0.005912592,-0.024533575,,
25,-0.036,24.125,,24.13050741,,-0.005507414,-0.022828658,,
25,-0.035,24.15,,24.15510096,,-0.005100959,-0.021121982,,
25,-0.034,24.175,,24.17969323,,-0.004693226,-0.019413553,,
25,-0.033,24.2,,24.20428422,,-0.004284217,-0.017703378,,
25,-0.032,24.225,,24.22887393,,-0.003873932,-0.015991463,,
25,-0.031,24.25,,24.25346237,,-0.00346237,-0.014277814,,
25,-0.03,24.275,,24.27804953,,-0.003049532,-0.012562439,,
25,-0.029,24.3,,24.30263542,,-0.002635418,-0.010845342,,
25,-0.028,24.325,,24.32722003,,-0.002220028,-0.00912653,,
25,-0.027,24.35,,24.35180336,,-0.001803363,-0.00740601,,
25,-0.026,24.375,,24.37638542,,-0.001385423,-0.005683787,,
25,-0.025,24.4,,24.40096621,,-0.000966208,-0.003959869,,
25,-0.024,24.425,,24.42554572,,-0.000545718,-0.00223426,,
25,-0.023,24.45,,24.45012395,,-0.000123954,-0.000506968,,
25,-0.022,24.475,,24.47470091,,0.000299085,0.001222003,,
25,-0.021,24.5,,24.4992766,,0.000723398,0.002952644,,
25,-0.02,24.525,,24.52385102,,0.001148984,0.004684952,,
25,-0.019,24.55,,24.54842416,,0.001575845,0.006418919,,
25,-0.018,24.575,,24.57299602,,0.002003978,0.00815454,,
25,-0.017,24.6,,24.59756662,,0.002433385,0.009891808,,
25,-0.016,24.625,,24.62213594,,0.002864064,0.011630718,,
25,-0.015,24.65,,24.64670398,,0.003296016,0.013371263,,
25,-0.014,24.675,,24.67127076,,0.003729241,0.015113438,,
25,-0.013,24.7,,24.69583626,,0.004163738,0.016857238,,
25,-0.012,24.725,,24.72040049,,0.004599506,0.018602655,,
25,-0.011,24.75,,24.74496345,,0.005036547,0.020349685,,
25,-0.01,24.775,,24.76952514,,0.005474859,0.02209832,,
25,-0.009,24.8,,24.79408556,,0.005914442,0.023848557,,
25,-0.008,24.825,,24.8186447,,0.006355296,0.025600388,,
25,-0.007,24.85,,24.84320258,,0.006797422,0.027353809,,
25,-0.006,24.875,,24.86775918,,0.007240817,0.029108813,,
25,-0.005,24.9,,24.89231452,,0.007685483,0.030865394,,
25,-0.004,24.925,,24.91686858,,0.008131419,0.032623548,,
25,-0.003,24.95,,24.94142137,,0.008578625,0.034383268,,
25,-0.002,24.975,,24.9659729,,0.009027101,0.036144549,,
25,-0.001,25,,24.99052315,,0.009476846,0.037907385,,
25,0,25,,25.01507214,,-0.015072139,-0.060288558,,
25,0.001,25.02439024,,25.03961986,,-0.015229612,-0.060859075,,
25,0.002,25.04878049,,25.0641663,,-0.015385816,-0.061423415,,
25,0.003,25.07317073,,25.08871148,,-0.015540752,-0.061981598,,
25,0.004,25.09756098,,25.11325539,,-0.015694419,-0.062533643,,
25,0.005,25.12195122,,25.13779804,,-0.015846819,-0.063079569,,
25,0.006,25.14634146,,25.16233941,,-0.01599795,-0.063619394,,
25,0.007,25.17073171,,25.18687952,,-0.016147814,-0.064153136,,
25,0.008,25.19512195,,25.21141836,,-0.01629641,-0.064680815,,
25,0.009,25.2195122,,25.23595593,,-0.01644374,-0.065202449,,
25,0.01,25.24390244,,25.26049224,,-0.016589802,-0.065718057,,
25,0.011,25.26829268,,25.28502728,,-0.016734598,-0.066227656,,
25,0.012,25.29268293,,25.30956105,,-0.016878127,-0.066731265,,
25,0.013,25.31707317,,25.33409356,,-0.01702039,-0.067228902,,
25,0.014,25.34146341,,25.3586248,,-0.017161388,-0.067720586,,
25,0.015,25.36585366,,25.38315478,,-0.017301119,-0.068206335,,
25,0.016,25.3902439,,25.40768349,,-0.017439585,-0.068686165,,
25,0.017,25.41463415,,25.43221093,,-0.017576786,-0.069160097,,
25,0.018,25.43902439,,25.45673711,,-0.017712721,-0.069628146,,
25,0.019,25.46341463,,25.48126203,,-0.017847392,-0.070090332,,
25,0.02,25.48780488,,25.50578568,,-0.017980798,-0.070546671,,
25,0.021,25.51219512,,25.53030806,,-0.01811294,-0.070997182,,
25,0.022,25.53658537,,25.55482918,,-0.018243817,-0.071441882,,
25,0.023,25.56097561,,25.57934904,,-0.018373431,-0.071880789,,
25,0.024,25.58536585,,25.60386763,,-0.018501781,-0.07231392,,
25,0.025,25.6097561,,25.62838497,,-0.018628868,-0.072741292,,
25,0.026,25.63414634,,25.65290103,,-0.018754691,-0.073162924,,
25,0.027,25.65853659,,25.67741584,,-0.018879251,-0.073578831,,
25,0.028,25.68292683,,25.70192938,,-0.019002549,-0.073989031,,
25,0.029,25.70731707,,25.72644166,,-0.019124584,-0.074393542,,
25,0.03,25.73170732,,25.75095267,,-0.019245357,-0.074792381,,
25,0.031,25.75609756,,25.77546243,,-0.019364867,-0.075185564,,
25,0.032,25.7804878,,25.79997092,,-0.019483116,-0.075573108,,
25,0.033,25.80487805,,25.82447815,,-0.019600103,-0.075955031,,
25,0.034,25.82926829,,25.84898412,,-0.019715829,-0.076331349,,
25,0.035,25.85365854,,25.87348883,,-0.019830293,-0.076702078,,
25,0.036,25.87804878,,25.89799228,,-0.019943497,-0.077067237,,
25,0.037,25.90243902,,25.92249446,,-0.02005544,-0.07742684,,
25,0.038,25.92682927,,25.94699539,,-0.020166123,-0.077780905,,
25,0.039,25.95121951,,25.97149506,,-0.020275545,-0.078129449,,
25,0.04,26,,25.99599346,,0.004006537,0.015409758,,
25,0.041,26.025,,26.02049061,,0.004509391,0.01732715,,
25,0.042,26.05,,26.0449865,,0.005013504,0.019245696,,
25,0.043,26.075,,26.06948112,,0.005518877,0.021165394,,
25,0.044,26.1,,26.09397449,,0.006025508,0.023086238,,
25,0.045,26.125,,26.1184666,,0.006533399,0.025008225,,
25,0.046,26.15,,26.14295745,,0.007042548,0.02693135,,
25,0.047,26.175,,26.16744704,,0.007552956,0.028855609,,
25,0.048,26.2,,26.19193538,,0.008064622,0.030780999,,
25,0.049,26.225,,26.21642245,,0.008577545,0.032707514,,
25,0.05,26.25,,26.24090827,,0.009091727,0.034635151,,
25,0.051,26.275,,26.26539283,,0.009607166,0.036563905,,
25,0.052,26.3,,26.28987614,,0.010123863,0.038493774,,
25,0.053,26.325,,26.31435818,,0.010641816,0.040424752,,
25,0.054,26.35,,26.33883897,,0.011161026,0.042356836,,
25,0.055,26.375,,26.36331851,,0.011681493,0.044290021,,
25,0.056,26.4,,26.38779678,,0.012203216,0.046224304,,
25,0.057,26.425,,26.4122738,,0.012726196,0.048159681,,
25,0.058,26.45,,26.43674957,,0.013250431,0.050096148,,
25,0.059,26.475,,26.46122408,,0.013775922,0.0520337,,
25,0.06,26.5,,26.48569733,,0.014302669,0.053972334,,
25,0.061,26.525,,26.51016933,,0.01483067,0.055912046,,
25,0.062,26.55,,26.53464007,,0.015359927,0.057852832,,
25,0.063,26.575,,26.55910956,,0.015890438,0.059794688,,
25,0.064,26.6,,26.5835778,,0.016422204,0.061737611,,
25,0.065,26.625,,26.60804478,,0.016955225,0.063681596,,
25,0.066,26.65,,26.6325105,,0.017489499,0.065626639,,
25,0.067,26.675,,26.65697497,,0.018025028,0.067572737,,
25,0.068,26.7,,26.68143819,,0.01856181,0.069519886,,
25,0.069,26.725,,26.70590015,,0.019099845,0.071468082,,
25,0.07,26.75,,26.73036087,,0.019639134,0.073417322,,
25,0.071,26.775,,26.75482032,,0.020179675,0.075367601,,
25,0.072,26.8,,26.77927853,,0.020721469,0.077318916,,
25,0.073,26.825,,26.80373548,,0.021264516,0.079271263,,
25,0.074,26.85,,26.82819118,,0.021808815,0.081224638,,
25,0.075,26.875,,26.85264563,,0.022354366,0.083179038,,
25,0.076,26.9,,26.87709883,,0.022901169,0.085134459,,
25,0.077,26.925,,26.90155078,,0.023449224,0.087090897,,
25,0.078,26.95,,26.92600147,,0.02399853,0.089048349,,
25,0.079,26.975,,26.95045091,,0.024549087,0.09100681,,
25,0.08,27,,26.9748991,,0.025100895,0.092966278,,
25,0.081,27,,26.99934605,,0.000653954,0.002422051,,
25,0.082,27.02439024,,27.02379174,,0.000598507,0.002214691,,
25,0.083,27.04878049,,27.04823618,,0.00054431,0.002012328,,
25,0.084,27.07317073,,27.07267937,,0.000491363,0.001814946,,
25,0.085,27.09756098,,27.09712131,,0.000439667,0.001622532,,
25,0.086,27.12195122,,27.121562,,0.000389219,0.001435071,,
25,0.087,27.14634146,,27.14600144,,0.000340021,0.001252549,,
25,0.088,27.17073171,,27.17043963,,0.000292072,0.001074952,,
25,0.089,27.19512195,,27.19487658,,0.000245372,0.000902266,,
25,0.09,27.2195122,,27.21931227,,0.000199921,0.000734477,,
25,0.091,27.24390244,,27.24374672,,0.000155718,0.000571571,,
25,0.092,27.26829268,,27.26817992,,0.000112763,0.000413533,,
25,0.093,27.29268293,,27.29261187,,7.11E-05,0.000260351,,
25,0.094,27.31707317,,27.31704257,,3.06E-05,0.00011201,,
25,0.095,27.34146341,,27.34147203,,-8.61E-06,-3.15E-05,,
25,0.096,27.36585366,,27.36590024,,-4.66E-05,-0.000170204,,
25,0.097,27.3902439,,27.3903272,,-8.33E-05,-0.000304104,,
25,0.098,27.41463415,,27.41475291,,-0.000118765,-0.000433218,,
25,0.099,27.43902439,,27.43917738,,-0.000152989,-0.000557559,,
25,0.1,27.46341463,,27.4636006,,-0.000185966,-0.00067714,,
25,0.101,27.48780488,,27.48802257,,-0.000217697,-0.000791976,,
25,0.102,27.51219512,,27.5124433,,-0.000248182,-0.00090208,,
25,0.103,27.53658537,,27.53686279,,-0.000277421,-0.001007465,,
25,0.104,27.56097561,,27.56128102,,-0.000305415,-0.001108144,,
25,0.105,27.58536585,,27.58569802,,-0.000332164,-0.001204131,,
25,0.106,27.6097561,,27.61011376,,-0.000357667,-0.001295438,,
25,0.107,27.63414634,,27.63452827,,-0.000381926,-0.00138208,,
25,0.108,27.65853659,,27.65894153,,-0.00040494,-0.00146407,,
25,0.109,27.68292683,,27.68335354,,-0.00042671,-0.00154142,,
25,0.11,27.70731707,,27.70776431,,-0.000447236,-0.001614143,,
25,0.111,27.73170732,,27.73217383,,-0.000466517,-0.001682253,,
25,0.112,27.75609756,,27.75658212,,-0.000484555,-0.001745762,,
25,0.113,27.7804878,,27.78098915,,-0.00050135,-0.001804684,,
25,0.114,27.80487805,,27.80539495,,-0.000516901,-0.001859031,,
25,0.115,27.82926829,,27.8297995,,-0.00053121,-0.001908816,,
25,0.116,27.85365854,,27.85420281,,-0.000544275,-0.001954053,,
25,0.117,27.87804878,,27.87860488,,-0.000556098,-0.001994753,,
25,0.118,27.90243902,,27.9030057,,-0.000566679,-0.002030929,,
25,0.119,27.92682927,,27.92740529,,-0.000576017,-0.002062595,,
25,0.12,27.95121951,,27.95180363,,-0.000584114,-0.002089762,,
25,0.121,27.97560976,,27.97620072,,-0.000590969,-0.002112443,,
25,0.122,28,,28.00059658,,-0.000596582,-0.002130651,,
25,0.123,28.02439024,,28.0249912,,-0.000600955,-0.002144399,,
25,0.124,28.04878049,,28.04938457,,-0.000604086,-0.002153698,,
25,0.125,28.07317073,,28.07377671,,-0.000605976,-0.002158561,,
25,0.126,28.09756098,,28.0981676,,-0.000606626,-0.002159,,
25,0.127,28.12195122,,28.12255726,,-0.000606036,-0.002155029,,
25,0.128,28.14634146,,28.14694567,,-0.000604206,-0.002146658,,
25,0.129,28.17073171,,28.17133284,,-0.000601135,-0.002133901,,
25,0.13,28.19512195,,28.19571878,,-0.000596825,-0.002116769,,
25,0.131,28.2195122,,28.22010347,,-0.000591276,-0.002095274,,
25,0.132,28.24390244,,28.24448693,,-0.000584488,-0.002069429,,
25,0.133,28.26829268,,28.26886914,,-0.00057646,-0.002039246,,
25,0.134,28.29268293,,28.29325012,,-0.000567194,-0.002004737,,
25,0.135,28.31707317,,28.31762986,,-0.000556689,-0.001965913,,
25,0.136,28.34146341,,28.34200836,,-0.000544946,-0.001922787,,
25,0.137,28.36585366,,28.36638562,,-0.000531965,-0.00187537,,
25,0.138,28.3902439,,28.39076165,,-0.000517746,-0.001823675,,
25,0.139,28.41463415,,28.41513644,,-0.000502289,-0.001767713,,
25,0.14,28.43902439,,28.43950999,,-0.000485595,-0.001707496,,
25,0.141,28.46341463,,28.4638823,,-0.000467664,-0.001643035,,
25,0.142,28.48780488,,28.48825337,,-0.000448496,-0.001574343,,
25,0.143,28.51219512,,28.51262321,,-0.000428091,-0.001501431,,
25,0.144,28.53658537,,28.53699182,,-0.000406449,-0.00142431,,
25,0.145,28.56097561,,28.56135918,,-0.000383572,-0.001342993,,
25,0.146,28.58536585,,28.58572531,,-0.000359458,-0.00125749,,
25,0.147,28.6097561,,28.61009021,,-0.000334108,-0.001167813,,
25,0.148,28.63414634,,28.63445386,,-0.000307523,-0.001073974,,
25,0.149,28.65853659,,28.65881629,,-0.000279703,-0.000975984,,
25,0.15,28.68292683,,28.68317748,,-0.000250647,-0.000873854,,
25,0.151,28.70731707,,28.70753743,,-0.000220356,-0.000767596,,
25,0.152,28.73170732,,28.73189615,,-0.000188831,-0.000657222,,
25,0.153,28.75609756,,28.75625363,,-0.000156071,-0.000542741,,
25,0.154,28.7804878,,28.78060988,,-0.000122077,-0.000424166,,
25,0.155,28.80487805,,28.8049649,,-8.68E-05,-0.000301507,,
25,0.156,28.82926829,,28.82931868,,-5.04E-05,-0.000174776,,
25,0.157,28.85365854,,28.85367123,,-1.27E-05,-4.40E-05,,
25,0.158,28.87804878,,28.87802254,,2.62E-05,9.09E-05,,
25,0.159,28.90243902,,28.90237262,,6.64E-05,0.000229738,,
25,0.16,28.92682927,,28.92672147,,0.000107795,0.000372647,,
25,0.161,28.95121951,,28.95106909,,0.000150423,0.000519574,,
25,0.162,28.97560976,,28.97541547,,0.000194283,0.000670506,,
25,0.163,29,,28.99976062,,0.000239376,0.000825433,,
25,0.164,29.02439024,,29.02410454,,0.0002857,0.000984345,,
25,0.165,29.04878049,,29.04844723,,0.000333257,0.001147231,,
25,0.166,29.07317073,,29.07278869,,0.000382045,0.00131408,,
25,0.167,29.09756098,,29.09712891,,0.000432064,0.00148488,,
25,0.168,29.12195122,,29.12146791,,0.000483314,0.001659622,,
25,0.169,29.14634146,,29.14580567,,0.000535796,0.001838295,,
25,0.17,29.17073171,,29.1701422,,0.000589508,0.002020888,,
25,0.171,29.19512195,,29.1944775,,0.000644451,0.002207391,,
25,0.172,29.2195122,,29.21881157,,0.000700623,0.002397793,,
25,0.173,29.24390244,,29.24314441,,0.000758026,0.002592083,,
25,0.174,29.26829268,,29.26747602,,0.000816659,0.002790251,,
25,0.175,29.29268293,,29.29180641,,0.000876521,0.002992287,,
25,0.176,29.31707317,,29.31613556,,0.000937613,0.00319818,,
25,0.177,29.34146341,,29.34046348,,0.000999934,0.00340792,,
25,0.178,29.36585366,,29.36479018,,0.001063483,0.003621496,,
25,0.179,29.3902439,,29.38911564,,0.001128262,0.003838899,,
25,0.18,29.41463415,,29.41343988,,0.001194269,0.004060117,,
25,0.181,29.43902439,,29.43776289,,0.001261504,0.004285141,,
25,0.182,29.46341463,,29.46208467,,0.001329967,0.004513961,,
25,0.183,29.48780488,,29.48640522,,0.001399658,0.004746565,,
25,0.184,29.51219512,,29.51072455,,0.001470576,0.004982945,,
25,0.185,29.53658537,,29.53504264,,0.001542722,0.00522309,,
25,0.186,29.56097561,,29.55935951,,0.001616095,0.00546699,,
25,0.187,29.58536585,,29.58367516,,0.001690695,0.005714634,,
25,0.188,29.6097561,,29.60798958,,0.001766522,0.005966014,,
25,0.189,29.63414634,,29.63230277,,0.001843575,0.006221118,,
25,0.19,29.65853659,,29.65661473,,0.001921855,0.006479938,,
25,0.191,29.68292683,,29.68092547,,0.00200136,0.006742463,,
25,0.192,29.70731707,,29.70523498,,0.002082092,0.007008682,,
25,0.193,29.73170732,,29.72954327,,0.002164048,0.007278588,,
25,0.194,29.75609756,,29.75385033,,0.002247231,0.007552168,,
25,0.195,29.7804878,,29.77815617,,0.002331638,0.007829415,,
25,0.196,29.80487805,,29.80246078,,0.00241727,0.008110318,,
25,0.197,29.82926829,,29.82676417,,0.002504127,0.008394867,,
25,0.198,29.85365854,,29.85106633,,0.002592209,0.008683052,,
25,0.199,29.87804878,,29.87536727,,0.002681515,0.008974865,,
25,0.2,29.90243902,,29.89966698,,0.002772044,0.009270295,,
25,0.201,29.92682927,,29.92396547,,0.002863798,0.009569333,,
25,0.202,29.95121951,,29.94826274,,0.002956775,0.009871969,,
25,0.203,29.97560976,,29.97255878,,0.003050976,0.010178194,,
25,0.204,30,,29.9968536,,0.0031464,0.010487998,,
25,0.205,30.02439024,,30.0211472,,0.003243046,0.010801372,,
25,0.206,30.04878049,,30.04543957,,0.003340916,0.011118307,,
25,0.207,30.07317073,,30.06973072,,0.003440007,0.011438792,,
25,0.208,30.09756098,,30.09402065,,0.003540322,0.011762819,,
25,0.209,30.12195122,,30.11830936,,0.003641858,0.012090378,,
25,0.21,30.14634146,,30.14259685,,0.003744616,0.01242146,,
25,0.211,30.17073171,,30.16688311,,0.003848595,0.012756056,,
25,0.212,30.19512195,,30.19116815,,0.003953796,0.013094156,,
25,0.213,30.2195122,,30.21545198,,0.004060219,0.013435752,,
25,0.214,30.24390244,,30.23973458,,0.004167862,0.013780833,,
25,0.215,30.26829268,,30.26401596,,0.004276726,0.014129392,,
25,0.216,30.29268293,,30.28829612,,0.00438681,0.014481418,,
25,0.217,30.31707317,,30.31257506,,0.004498115,0.014836903,,
25,0.218,30.34146341,,30.33685278,,0.004610639,0.015195837,,
25,0.219,30.36585366,,30.36112927,,0.004724384,0.015558212,,
25,0.22,30.3902439,,30.38540455,,0.004839348,0.015924019,,
25,0.221,30.41463415,,30.40967861,,0.004955532,0.016293248,,
25,0.222,30.43902439,,30.43395146,,0.005072934,0.01666589,,
25,0.223,30.46341463,,30.45822308,,0.005191556,0.017041938,,
25,0.224,30.48780488,,30.48249348,,0.005311397,0.017421381,,
25,0.225,30.51219512,,30.50676267,,0.005432456,0.017804211,,
25,0.226,30.53658537,,30.53103063,,0.005554733,0.018190419,,
25,0.227,30.56097561,,30.55529738,,0.005678228,0.018579996,,
25,0.228,30.58536585,,30.57956291,,0.005802941,0.018972934,,
25,0.229,30.6097561,,30.60382723,,0.005928872,0.019369224,,
25,0.23,30.63414634,,30.62809032,,0.00605602,0.019768857,,
25,0.231,30.65853659,,30.6523522,,0.006184386,0.020171824,,
25,0.232,30.68292683,,30.67661286,,0.006313968,0.020578116,,
25,0.233,30.70731707,,30.70087231,,0.006444768,0.020987726,,
25,0.234,30.73170732,,30.72513053,,0.006576783,0.021400644,,
25,0.235,30.75609756,,30.74938755,,0.006710015,0.021816862,,
25,0.236,30.7804878,,30.77364334,,0.006844464,0.022236371,,
25,0.237,30.80487805,,30.79789792,,0.006980128,0.022659163,,
25,0.238,30.82926829,,30.82215129,,0.007117007,0.023085229,,
25,0.239,30.85365854,,30.84640343,,0.007255102,0.023514561,,
25,0.24,30.87804878,,30.87065437,,0.007394413,0.02394715,,
25,0.241,30.90243902,,30.89490409,,0.007534938,0.024382988,,
25,0.242,30.92682927,,30.91915259,,0.007676678,0.024822067,,
25,0.243,30.95121951,,30.94339988,,0.007819633,0.025264378,,
25,0.244,30.97560976,,30.96764595,,0.007963802,0.025709912,,
25,0.245,31,,30.99189081,,0.008109185,0.026158662,,
25,0.246,31.02439024,,31.01613446,,0.008255782,0.026610619,,
25,0.247,31.04878049,,31.04037689,,0.008403593,0.027065775,,
25,0.248,31.07317073,,31.06461811,,0.008552617,0.027524121,,
25,0.249,31.09756098,,31.08885812,,0.008702855,0.02798565,,
25,0.25,31.12195122,,31.11309691,,0.008854305,0.028450353,,
25,0.251,31.14634146,,31.1373345,,0.009006968,0.028918223,,
25,0.252,31.17073171,,31.16157086,,0.009160844,0.02938925,,
25,0.253,31.19512195,,31.18580602,,0.009315933,0.029863427,,
25,0.254,31.2195122,,31.21003996,,0.009472233,0.030340746,,
25,0.255,31.24390244,,31.23427269,,0.009629745,0.030821199,,
25,0.256,31.26829268,,31.25850421,,0.009788469,0.031304777,,
25,0.257,31.29268293,,31.28273452,,0.009948405,0.031791473,,
25,0.258,31.31707317,,31.30696362,,0.010109552,0.032281278,,
25,0.259,31.34146341,,31.33119151,,0.010271909,0.032774186,,
25,0.26,31.36585366,,31.35541818,,0.010435478,0.033270187,,
25,0.261,31.3902439,,31.37964364,,0.010600257,0.033769274,,
25,0.262,31.41463415,,31.4038679,,0.010766247,0.034271439,,
25,0.263,31.43902439,,31.42809094,,0.010933447,0.034776674,,
25,0.264,31.46341463,,31.45231278,,0.011101857,0.035284972,,
25,0.265,31.48780488,,31.4765334,,0.011271476,0.035796323,,
25,0.266,31.51219512,,31.50075282,,0.011442306,0.036310722,,
25,0.267,31.53658537,,31.52497102,,0.011614344,0.03682816,,
25,0.268,31.56097561,,31.54918802,,0.011787592,0.037348629,,
25,0.269,31.58536585,,31.57340381,,0.011962048,0.037872121,,
25,0.27,31.6097561,,31.59761838,,0.012137713,0.038398629,,
25,0.271,31.63414634,,31.62183176,,0.012314586,0.038928145,,
25,0.272,31.65853659,,31.64604392,,0.012492668,0.039460662,,
25,0.273,31.68292683,,31.67025487,,0.012671958,0.039996172,,
25,0.274,31.70731707,,31.69446462,,0.012852455,0.040534666,,
25,0.275,31.73170732,,31.71867316,,0.01303416,0.041076139,,
25,0.276,31.75609756,,31.74288049,,0.013217073,0.041620582,,
25,0.277,31.7804878,,31.76708661,,0.013401192,0.042167987,,
25,0.278,31.80487805,,31.79129153,,0.013586518,0.042718348,,
25,0.279,31.82926829,,31.81549524,,0.013773051,0.043271656,,
25,0.28,31.85365854,,31.83969775,,0.013960791,0.043827904,,
25,0.281,31.87804878,,31.86389904,,0.014149737,0.044387086,,
25,0.282,31.90243902,,31.88809914,,0.014339889,0.044949192,,
25,0.283,31.92682927,,31.91229802,,0.014531246,0.045514217,,
25,0.284,31.95121951,,31.9364957,,0.01472381,0.046082152,,
25,0.285,31.97560976,,31.96069218,,0.014917578,0.04665299,,
25,0.286,32,,31.98488745,,0.015112552,0.047226725,,
25,0.287,32,,32.00908151,,-0.009081513,-0.028379729,,
25,0.288,32.02380952,,32.03327437,,-0.00946485,-0.029555665,,
25,0.289,32.04761905,,32.05746603,,-0.009846982,-0.030726096,,
25,0.29,32.07142857,,32.08165648,,-0.01022791,-0.031891033,,
25,0.291,32.0952381,,32.10584573,,-0.010607634,-0.033050491,,
25,0.292,32.11904762,,32.13003377,,-0.010986154,-0.034204481,,
25,0.293,32.14285714,,32.15422061,,-0.01136347,-0.035353017,,
25,0.294,32.16666667,,32.17840625,,-0.011739583,-0.036496112,,
25,0.295,32.19047619,,32.20259068,,-0.012114492,-0.037633778,,
25,0.296,32.21428571,,32.22677391,,-0.012488199,-0.038766028,,
25,0.297,32.23809524,,32.25095594,,-0.012860703,-0.039892874,,
25,0.298,32.26190476,,32.27513677,,-0.013232004,-0.04101433,,
25,0.299,32.28571429,,32.29931639,,-0.013602103,-0.042130408,,
25,0.3,32.30952381,,32.32349481,,-0.013971,-0.04324112,,
